Band,Wavelength_nm,Reflectance
Blue,490,0.13739564098627535
Green,560,0.20093501868450409
Red,665,0.2396909410358624
NIR,865,0.47897551454185694
SWIR1,1610,0.3310863085366104
SWIR2,2200,0.29057823879738
